{"cameraMode":{"drawMode":0,"name":"Shaded","section":"Shading Mode"},"sceneLighting":false,"audioPlay":false,"sceneViewState":{"showFog":true,"showMaterialUpdate":false,"showSkybox":false,"showFlares":true,"showImageEffects":true,"showParticleSystems":true},"in2DMode":false,"pivot":{"x":-0.05802077427506447,"y":0.3563477694988251,"z":0.028971776366233827},"rotation":{"x":0.02921905927360058,"y":0.9654290080070496,"z":-0.2273830622434616,"w":0.12405893951654434},"size":0.40776193141937258,"orthographic":false}