{"cameraMode":{"drawMode":0,"name":"Shaded","section":"Shading Mode"},"sceneLighting":true,"audioPlay":false,"sceneViewState":{"showFog":true,"showMaterialUpdate":false,"showSkybox":false,"showFlares":true,"showImageEffects":true,"showParticleSystems":true},"in2DMode":false,"pivot":{"x":1.4544403553009034,"y":0.7846789360046387,"z":-2.6979870796203615},"rotation":{"x":-0.01657588966190815,"y":-0.8981149196624756,"z":0.03397211804986,"w":-0.4381595849990845},"size":1.4857380390167237,"orthographic":false}